title;rss
Ειδήσεις Ελλάδα;http://rss.in.gr/feed/news/greece
Ειδήσεις;http://rss.in.gr/feed/news
Ειδήσεις Κόσμος;http://rss.in.gr/feed/news/world
Ειδήσεις Οικονομία;http://rss.in.gr/feed/news/economy
Ειδήσεις Επιστήμη;http://rss.in.gr/feed/news/science
Ειδήσεις Πολιτισμός;http://rss.in.gr/feed/news/culture
Αθλητισμός: Ποδόσφαιρο;http://rss.in.gr/feed/sports/football
Αθλητισμός: Μπάσκετ;http://rss.in.gr/feed/sports/basketball
Αθλητισμός: Βόλεϊ;http://rss.in.gr/feed/sports/volleyball
Αθλητισμός: Υγρός Στίβος;http://rss.in.gr/feed/sports/watersports
Αθλητισμός: Στίβος;http://rss.in.gr/feed/sports/track
Αθλητισμός: Άλλα Αθλήματα;http://rss.in.gr/feed/sports/othersports
Αθλητισμός;http://rss.in.gr/feed/sports
Αυτοκίνητο;http://rss.in.gr/feed/auto
Αγροτουρισμός;http://rss.in.gr/feed/agro
Τεχνολογία;http://rss.in.gr/feed/technology/main
Υγεία;http://rss.in.gr/feed/health
Υγεία: Ειδήσεις;http://rss.in.gr/feed/health/news
Υγεία: Διατροφή;http://rss.in.gr/feed/health/diatrofi
Υγεία: Αντρας;http://rss.in.gr/feed/health/man
Υγεία: Γυναίκα;http://rss.in.gr/feed/health/woman
Υγεία: Παιδί;http://rss.in.gr/feed/health/child
Υγεία: Ηλικιωμένοι;http://rss.in.gr/feed/health/elderly
Παιδί;http://rss.in.gr/feed/kid/main